{"score":97.08773873880774,"scoreDelta":{"dayChange":-0.02135413722476187,"weekChange":-0.09916932569065295,"monthChange":0.7508773214469926},"bucket":"90-100"}